iteration,alpha,f,grad_norm,stopping_reason
0,1e-05,17996968.974065248,11230086.533097176,gradient_tolerance
1,1e-05,5465431.500918705,61068.40202237802,gradient_tolerance
2,1e-05,5428138.00850512,61068.00965960939,gradient_tolerance
3,1e-05,5390844.904940643,61065.13375201464,gradient_tolerance
4,1e-05,5353555.117632421,61065.13069875795,gradient_tolerance
5,1e-05,5316265.541034456,61065.127645501416,gradient_tolerance
6,1e-05,5279436.528360583,59787.72729845582,gradient_tolerance
7,1e-05,5243690.805899082,59787.72430906945,gradient_tolerance
8,1e-05,5208452.063959581,58385.578044842696,gradient_tolerance
9,1e-05,5174362.965933234,58385.575125563795,gradient_tolerance
10,1e-05,5140274.151013112,58385.57220628504,gradient_tolerance
11,1e-05,5106787.193501825,55789.88241274946,gradient_tolerance
12,1e-05,5075662.084483668,55789.87962325534,gradient_tolerance
13,1e-05,5044536.978578023,55789.87683376136,gradient_tolerance
14,1e-05,5013762.443351906,55180.12324635986,gradient_tolerance
15,1e-05,4983313.984098283,55180.1204873537,gradient_tolerance
16,1e-05,4952865.529588016,55178.98333150817,gradient_tolerance
17,1e-05,4922417.93511778,55178.980572559,gradient_tolerance
18,1e-05,4891970.686710589,55178.97781360998,gradient_tolerance
19,1e-05,4861523.49154622,55178.97505466108,gradient_tolerance
20,1e-05,4831076.2994265715,55178.97229571233,gradient_tolerance
21,1e-05,4800629.11035164,55178.96953676372,gradient_tolerance
22,1e-05,4770181.924321429,55178.966777815236,gradient_tolerance
23,1e-05,4739734.741335936,55178.9640188669,gradient_tolerance
24,1e-05,4709287.607841459,55176.999924450975,gradient_tolerance
25,1e-05,4678842.3537325235,55176.99716560097,gradient_tolerance
26,1e-05,4648397.344331522,55176.99440675113,gradient_tolerance
27,1e-05,4617952.337975021,55176.9916479014,gradient_tolerance
28,1e-05,4587507.33466302,55176.98888905182,gradient_tolerance
29,1e-05,4557062.334395519,55176.98613020237,gradient_tolerance
30,1e-05,4526617.337172519,55176.98337135307,gradient_tolerance
31,1e-05,4496172.365625373,55175.508686056855,gradient_tolerance
32,1e-05,4465728.688917796,55175.50592728142,gradient_tolerance
33,1e-05,4435285.341905297,55175.15165642526,gradient_tolerance
34,1e-05,4404842.230010326,55175.148897667685,gradient_tolerance
35,1e-05,4374399.558127752,55173.35260531662,gradient_tolerance
36,1e-05,4343958.937202958,55169.769579317384,gradient_tolerance
37,1e-05,4313521.87371236,55169.76682082891,gradient_tolerance
38,1e-05,4283084.841685201,55169.76406234057,gradient_tolerance
39,1e-05,4252647.813779183,55169.76130385236,gradient_tolerance
40,1e-05,4222210.788934566,55168.557365161476,gradient_tolerance
41,1e-05,4192548.446355076,53821.00290091375,gradient_tolerance
42,1e-05,4163581.1562361824,53821.000209863596,gradient_tolerance
43,1e-05,4134851.8883891557,52341.451255066604,gradient_tolerance
44,1e-05,4107455.6138791977,52341.448637994035,gradient_tolerance
45,1e-05,4080351.940483822,51463.472725836145,gradient_tolerance
46,1e-05,4053867.0508959154,51463.47015266251,gradient_tolerance
47,1e-05,4027382.1639564973,51463.467579489006,gradient_tolerance
48,1e-05,4000897.279665568,51463.46500631563,gradient_tolerance
49,1e-05,3974412.398023128,51463.46243314238,gradient_tolerance
50,1e-05,3947927.5190291754,51463.459859969254,gradient_tolerance
51,1e-05,3921442.6426837104,51463.45728679626,gradient_tolerance
52,1e-05,3894957.768986733,51463.454713623396,gradient_tolerance
53,1e-05,3868787.7264045775,49865.333235966136,gradient_tolerance
54,1e-05,3843922.2124388753,49865.33074269948,gradient_tolerance
55,1e-05,3819056.709057977,49864.51335664932,gradient_tolerance
56,1e-05,3794191.741352077,49864.51086342364,gradient_tolerance
57,1e-05,3769326.9400876663,49864.50837019809,gradient_tolerance
58,1e-05,3744462.2467806004,49864.50587697268,gradient_tolerance
59,1e-05,3719597.56490501,49863.66056997045,gradient_tolerance
60,1e-05,3694733.4372935304,49863.658076787426,gradient_tolerance
61,1e-05,3669869.557573365,49862.78725310983,gradient_tolerance
62,1e-05,3645006.4562846115,49861.65669088746,gradient_tolerance
63,1e-05,3620144.2440493433,49861.654197804615,gradient_tolerance
64,1e-05,3595282.2227054676,49861.6517047219,gradient_tolerance
65,1e-05,3570420.2947030496,49860.68796673722,gradient_tolerance
66,1e-05,3546044.7881811997,48448.341131169196,gradient_tolerance
67,1e-05,3522572.2671281495,48448.33870875213,gradient_tolerance
68,1e-05,3499099.845241451,48447.36467274315,gradient_tolerance
69,1e-05,3475628.0395034067,48446.80738877931,gradient_tolerance
70,1e-05,3452156.6737820604,48446.80496643894,gradient_tolerance
71,1e-05,3428685.4925447917,48446.31031782599,gradient_tolerance
72,1e-05,3405458.143318267,47659.07679812136,gradient_tolerance
73,1e-05,3382744.144389144,47659.074415167524,gradient_tolerance
74,1e-05,3360030.1844977746,47659.0720322138,gradient_tolerance
75,1e-05,3337316.2543553086,47659.06964926019,gradient_tolerance
76,1e-05,3314602.347796226,47659.067266306716,gradient_tolerance
77,1e-05,3291888.4576472715,47659.06488335335,gradient_tolerance
78,1e-05,3269174.583862239,47659.062500400105,gradient_tolerance
79,1e-05,3246460.72179656,47659.060117446985,gradient_tolerance
80,1e-05,3223746.862251622,47659.057734493974,gradient_tolerance
81,1e-05,3201033.00497807,47659.05535154109,gradient_tolerance
82,1e-05,3178319.152734399,47658.71351938969,gradient_tolerance
83,1e-05,3155605.487542559,47658.71113645402,gradient_tolerance
84,1e-05,3132891.8505159062,47658.70875351846,gradient_tolerance
85,1e-05,3110178.241654437,47658.70637058302,gradient_tolerance
86,1e-05,3087464.660958148,47658.7039876477,gradient_tolerance
87,1e-05,3064751.1084270338,47658.70160471251,gradient_tolerance
88,1e-05,3042037.583270407,47658.34613990986,gradient_tolerance
89,1e-05,3019324.251161944,47658.34375699255,gradient_tolerance
90,1e-05,2996610.9492703956,47658.34137407536,gradient_tolerance
91,1e-05,2973897.677595759,47658.33899115829,gradient_tolerance
92,1e-05,2951184.4361380287,47658.33660824135,gradient_tolerance
93,1e-05,2928471.224897201,47658.334225324514,gradient_tolerance
94,1e-05,2905758.0438669925,47658.3318424078,gradient_tolerance
95,1e-05,2883044.9023069306,47657.65388234573,gradient_tolerance
96,1e-05,2860332.183802264,47657.65149946304,gradient_tolerance
97,1e-05,2837619.570483189,47657.64911658046,gradient_tolerance
98,1e-05,2814907.046034706,47657.646733698006,gradient_tolerance
99,1e-05,2792194.533680579,47657.64435081567,gradient_tolerance
100,1e-05,2769482.0235977033,47657.64196793345,gradient_tolerance
101,1e-05,2746769.5157860788,47657.63958505135,gradient_tolerance
102,1e-05,2724057.0102457046,47657.637202169375,gradient_tolerance
103,1e-05,2701344.5079957317,47657.286753582484,gradient_tolerance
104,1e-05,2678632.1946760756,47657.28437071815,gradient_tolerance
105,1e-05,2655919.9109120793,47657.28198785392,gradient_tolerance
106,1e-05,2633207.656703741,47657.279604989824,gradient_tolerance
107,1e-05,2610495.4320510533,47657.27722212584,gradient_tolerance
108,1e-05,2587783.236954013,47657.27483926198,gradient_tolerance
109,1e-05,2565071.0707564,47657.27245639824,gradient_tolerance
110,1e-05,2542358.91514437,47657.27007353462,gradient_tolerance
111,1e-05,2519646.7618035562,47657.26769067112,gradient_tolerance
112,1e-05,2496934.6610424984,47656.27783628434,gradient_tolerance
113,1e-05,2474223.748814532,47654.15060617297,gradient_tolerance
114,1e-05,2451514.5469560833,47654.05329273988,gradient_tolerance
115,1e-05,2428805.41856279,47654.050910037215,gradient_tolerance
116,1e-05,2406096.2954359013,47653.78730279184,gradient_tolerance
117,1e-05,2383387.3157580392,47653.78492010248,gradient_tolerance
118,1e-05,2360678.355293966,47653.78253741323,gradient_tolerance
119,1e-05,2337969.414043679,47653.7801547241,gradient_tolerance
120,1e-05,2315260.492007175,47653.777772035086,gradient_tolerance
121,1e-05,2292551.6566885887,47651.30855981804,gradient_tolerance
122,1e-05,2269844.532830148,47651.30617725262,gradient_tolerance
123,1e-05,2247137.9545618384,47651.303794687294,gradient_tolerance
124,1e-05,2224431.4598004357,47651.301412122106,gradient_tolerance
125,1e-05,2201724.97346913,47651.29902955704,gradient_tolerance
126,1e-05,2179018.4912537434,47651.296646992094,gradient_tolerance
127,1e-05,2156312.0131542752,47651.294264427255,gradient_tolerance
128,1e-05,2133605.5391707243,47651.291881862555,gradient_tolerance
129,1e-05,2110899.0693030907,47651.289499297956,gradient_tolerance
130,1e-05,2088192.6035513738,47651.287116733474,gradient_tolerance
131,1e-05,2065486.1419155723,47651.28473416912,gradient_tolerance
132,1e-05,2042779.71565896,47649.53275763879,gradient_tolerance
133,1e-05,2020074.648382378,47649.53037516216,gradient_tolerance
134,1e-05,1997369.8664564535,47649.527992685646,gradient_tolerance
135,1e-05,1974665.1008171937,47647.30688924131,gradient_tolerance
136,1e-05,1951962.0852571072,47647.30450687596,gradient_tolerance
137,1e-05,1929259.429520414,47647.30212451074,gradient_tolerance
138,1e-05,1906556.8660362337,47642.57943677954,gradient_tolerance
139,1e-05,1883858.2661454706,47642.577054650574,gradient_tolerance
140,1e-05,1861160.063050671,47641.65742869128,gradient_tolerance
141,1e-05,1838463.4741624296,47637.00166382212,gradient_tolerance
142,1e-05,1815770.7902577226,47631.96773944342,gradient_tolerance
143,1e-05,1793082.5877119587,47631.96535784503,gradient_tolerance
144,1e-05,1770394.7353577397,47626.52387003996,gradient_tolerance
145,1e-05,1747711.5751707782,47625.216431446934,gradient_tolerance
146,1e-05,1725029.4560339178,47625.214050186114,gradient_tolerance
147,1e-05,1702347.727526302,47625.21166892542,gradient_tolerance
148,1e-05,1679666.0790829114,47625.20928766483,gradient_tolerance
149,1e-05,1656984.438905712,47625.20690640436,gradient_tolerance
150,1e-05,1634303.3274087568,47620.593888448835,gradient_tolerance
151,1e-05,1611625.7955641546,47620.591507419136,gradient_tolerance
152,1e-05,1588948.4584062526,47620.58912638957,gradient_tolerance
153,1e-05,1566271.4648921464,47618.655398497176,gradient_tolerance
154,1e-05,1543596.0156052366,47618.6530175644,gradient_tolerance
155,1e-05,1520920.7237800723,47616.93291374813,gradient_tolerance
156,1e-05,1498246.8437103475,47616.93053290149,gradient_tolerance
157,1e-05,1475573.8788692192,47613.30915312586,gradient_tolerance
158,1e-05,1452904.6628734495,47607.15729190378,gradient_tolerance
159,1e-05,1430240.0904434521,47607.15491154592,gradient_tolerance
160,1e-05,1407575.6089241598,47607.15253118817,gradient_tolerance
161,1e-05,1384911.2604493126,47606.170874884425,gradient_tolerance
162,1e-05,1362247.738306274,47602.09159732782,gradient_tolerance
163,1e-05,1339588.4436123993,47589.39286389818,gradient_tolerance
164,1e-05,1316940.1798277071,47586.07001013896,gradient_tolerance
165,1e-05,1294295.9865348756,47583.592264728075,gradient_tolerance
166,1e-05,1271654.0542237086,47581.92135547593,gradient_tolerance
167,1e-05,1249014.627343745,47572.44310903763,gradient_tolerance
168,1e-05,1226384.637271662,47562.57174135277,gradient_tolerance
169,1e-05,1203762.642754363,47555.9368659951,gradient_tolerance
170,1e-05,1181147.817512982,47552.0989505197,gradient_tolerance
171,1e-05,1158535.9327268866,47545.7555125149,gradient_tolerance
172,1e-05,1135930.9608034145,47538.26731256666,gradient_tolerance
173,1e-05,1113333.0034487622,47530.890422695375,gradient_tolerance
174,1e-05,1090741.17693823,47524.27583085637,gradient_tolerance
175,1e-05,1068159.9915866805,47645.83963655042,gradient_tolerance
176,1e-05,1045685.7561387512,47508.088105383125,gradient_tolerance
177,1e-05,1023118.4212736007,47496.219482107095,gradient_tolerance
178,1e-05,1000559.5532112631,47495.32975502898,gradient_tolerance
179,1e-05,978100.7419084389,47608.260355648716,gradient_tolerance
180,1e-05,955571.5346349905,47463.615737989785,gradient_tolerance
181,1e-05,933046.4287435767,47433.60672566919,gradient_tolerance
182,1e-05,910626.267713084,47557.22538880229,gradient_tolerance
183,1e-05,888166.58039591,47405.00596050656,gradient_tolerance
184,1e-05,865697.4487842021,47376.3190236123,gradient_tolerance
185,1e-05,843312.4352536779,47473.418703674906,gradient_tolerance
186,1e-05,820957.8575034132,47304.59753838378,gradient_tolerance
187,1e-05,798585.1124270742,47277.03138743267,gradient_tolerance
188,1e-05,776270.4679621626,47377.33180873381,gradient_tolerance
189,1e-05,754042.7187521545,47187.526860993836,gradient_tolerance
190,1e-05,731780.7217882281,47161.558965164615,gradient_tolerance
191,1e-05,709543.8497148762,47113.20995883999,gradient_tolerance
192,1e-05,687449.3075339483,47210.85843236917,gradient_tolerance
193,1e-05,665312.5769606993,47008.8244967751,gradient_tolerance
194,1e-05,643220.5281205144,46961.10613934921,gradient_tolerance
195,1e-05,621219.9661796493,47076.521079400256,gradient_tolerance
196,1e-05,599262.4042059991,46845.17963426478,gradient_tolerance
197,1e-05,577334.5176557131,46739.82403163089,gradient_tolerance
198,1e-05,555499.8852920263,46642.320418568466,gradient_tolerance
199,1e-05,533843.7071086171,46716.552843912556,gradient_tolerance
200,1e-05,512201.21259511856,46440.94064627798,gradient_tolerance
201,1e-05,490649.7124185451,46338.72625177218,gradient_tolerance
202,1e-05,469199.6214022102,46407.649489122414,gradient_tolerance
203,1e-05,447989.8771760624,45893.54276948849,gradient_tolerance
204,1e-05,426939.7454292599,45790.49403668797,gradient_tolerance
205,1e-05,405994.9348803739,45633.77493482176,gradient_tolerance
206,1e-05,385195.15528229316,45456.71815546883,gradient_tolerance
207,1e-05,364558.7329249785,45269.095210079126,gradient_tolerance
208,1e-05,344099.99565857125,45036.918889386056,gradient_tolerance
209,1e-05,323849.645210048,44933.74167975417,gradient_tolerance
210,1e-05,303833.9377762065,44947.646881759014,gradient_tolerance
211,1e-05,281443.43123536784,44229.70553878499,gradient_tolerance
212,1e-05,261927.41765376087,43921.55994034826,gradient_tolerance
213,1e-05,242718.40503996724,43502.538235469074,gradient_tolerance
214,1e-05,223931.39337688283,43198.39545856746,gradient_tolerance
215,1e-05,205430.38264843632,42596.89028424531,gradient_tolerance
216,1e-05,187351.3728304732,42055.89210659891,gradient_tolerance
217,1e-05,169798.36390277164,41548.77939401143,gradient_tolerance
218,1e-05,152712.35584401782,40870.76971728573,gradient_tolerance
219,1e-05,136252.34862480595,40011.34034002596,gradient_tolerance
220,1e-05,120425.34221280222,39077.88148959463,gradient_tolerance
221,1e-05,105401.33657367602,37999.60316376865,gradient_tolerance
222,1e-05,91299.33166376126,36506.85380796826,gradient_tolerance
223,1e-05,78276.32743255336,34916.385498606105,gradient_tolerance
224,1e-05,66435.32382292552,33027.34990128224,gradient_tolerance
225,1e-05,55846.32077301423,31146.827751654713,gradient_tolerance
226,1e-05,46475.31822285883,28806.709700461015,gradient_tolerance
227,1e-05,38497.31610530246,26691.686700130114,gradient_tolerance
228,1e-05,31827.31435628938,24376.65235612062,gradient_tolerance
229,1e-05,26190.31291387759,21117.748751350573,gradient_tolerance
230,1e-05,21989.31171503485,18901.538439186275,gradient_tolerance
231,1e-05,18677.31070464941,16630.65464730395,gradient_tolerance
232,1e-05,16028.309839322957,15285.26828479781,gradient_tolerance
233,1e-05,13784.309096337638,13999.335778733508,gradient_tolerance
234,1e-05,11888.308455970273,12995.939080531009,gradient_tolerance
235,1e-05,10257.307903133591,11971.365770096327,gradient_tolerance
236,1e-05,9021.307425287048,11435.814122883448,gradient_tolerance
237,1e-05,7870.307007842742,10314.594310932778,gradient_tolerance
